Topic_code,Topic_desc,DataSet_code,DataSet_desc,Country_code,Country_desc,Flow_code,Flow_desc,Indicator_code,Indicator_desc,Partner_Country_code,Partner_Country_desc,Unit_code,Unit_desc,Year,Value,Value_Flag,Notes_Export
MT,Merchandise trade,CO,Merchandise trade by commodity,BR,Brazil,X,Exports,MAMTOF,Office and telecom equipment,WL,World,UC,US dollar at current prices,1980,481806110,,
MT,Merchandise trade,CO,Merchandise trade by commodity,BR,Brazil,X,Exports,MAMTOF,Office and telecom equipment,WL,World,UC,US dollar at current prices,1981,629357251,,
MT,Merchandise trade,CO,Merchandise trade by commodity,BR,Brazil,X,Exports,MAMTOF,Office and telecom equipment,WL,World,UC,US dollar at current prices,1982,471510818,,
MT,Merchandise trade,CO,Merchandise trade by commodity,BR,Brazil,X,Exports,MAMTOF,Office and telecom equipment,WL,World,UC,US dollar at current prices,1983,419411663,,
MT,Merchandise trade,CO,Merchandise trade by commodity,BR,Brazil,X,Exports,MAMTOF,Office and telecom equipment,WL,World,UC,US dollar at current prices,1984,564642991,,
MT,Merchandise trade,CO,Merchandise trade by commodity,BR,Brazil,X,Exports,MAMTOF,Office and telecom equipment,WL,World,UC,US dollar at current prices,1985,577409970,,
MT,Merchandise trade,CO,Merchandise trade by commodity,BR,Brazil,X,Exports,MAMTOF,Office and telecom equipment,WL,World,UC,US dollar at current prices,1986,746870516,,
MT,Merchandise trade,CO,Merchandise trade by commodity,BR,Brazil,X,Exports,MAMTOF,Office and telecom equipment,WL,World,UC,US dollar at current prices,1987,755702920,,
MT,Merchandise trade,CO,Merchandise trade by commodity,BR,Brazil,X,Exports,MAMTOF,Office and telecom equipment,WL,World,UC,US dollar at current prices,1988,849191648,,
MT,Merchandise trade,CO,Merchandise trade by commodity,BR,Brazil,X,Exports,MAMTOF,Office and telecom equipment,WL,World,UC,US dollar at current prices,1989,842291434,,
MT,Merchandise trade,CO,Merchandise trade by commodity,BR,Brazil,X,Exports,MAMTOF,Office and telecom equipment,WL,World,UC,US dollar at current prices,1990,692480768,,
MT,Merchandise trade,CO,Merchandise trade by commodity,BR,Brazil,X,Exports,MAMTOF,Office and telecom equipment,WL,World,UC,US dollar at current prices,1991,728866544,,
MT,Merchandise trade,CO,Merchandise trade by commodity,BR,Brazil,X,Exports,MAMTOF,Office and telecom equipment,WL,World,UC,US dollar at current prices,1992,746906504,,
MT,Merchandise trade,CO,Merchandise trade by commodity,BR,Brazil,X,Exports,MAMTOF,Office and telecom equipment,WL,World,UC,US dollar at current prices,1993,732918960,,
MT,Merchandise trade,CO,Merchandise trade by commodity,BR,Brazil,X,Exports,MAMTOF,Office and telecom equipment,WL,World,UC,US dollar at current prices,1994,718806224,,
MT,Merchandise trade,CO,Merchandise trade by commodity,BR,Brazil,X,Exports,MAMTOF,Office and telecom equipment,WL,World,UC,US dollar at current prices,1995,748605024,,
MT,Merchandise trade,CO,Merchandise trade by commodity,BR,Brazil,X,Exports,MAMTOF,Office and telecom equipment,WL,World,UC,US dollar at current prices,1996,898678264,,
MT,Merchandise trade,CO,Merchandise trade by commodity,BR,Brazil,X,Exports,MAMTOF,Office and telecom equipment,WL,World,UC,US dollar at current prices,1997,1050292776,,
MT,Merchandise trade,CO,Merchandise trade by commodity,BR,Brazil,X,Exports,MAMTOF,Office and telecom equipment,WL,World,UC,US dollar at current prices,1998,1068344544,,
MT,Merchandise trade,CO,Merchandise trade by commodity,BR,Brazil,X,Exports,MAMTOF,Office and telecom equipment,WL,World,UC,US dollar at current prices,1999,1344602287,,
MT,Merchandise trade,CO,Merchandise trade by commodity,BR,Brazil,X,Exports,MAMTOF,Office and telecom equipment,WL,World,UC,US dollar at current prices,2000,2317282860,,
MT,Merchandise trade,CO,Merchandise trade by commodity,BR,Brazil,X,Exports,MAMTOF,Office and telecom equipment,WL,World,UC,US dollar at current prices,2001,2400174054,,
MT,Merchandise trade,CO,Merchandise trade by commodity,BR,Brazil,X,Exports,MAMTOF,Office and telecom equipment,WL,World,UC,US dollar at current prices,2002,2218374086,,
MT,Merchandise trade,CO,Merchandise trade by commodity,BR,Brazil,X,Exports,MAMTOF,Office and telecom equipment,WL,World,UC,US dollar at current prices,2003,2128933023,,
MT,Merchandise trade,CO,Merchandise trade by commodity,BR,Brazil,X,Exports,MAMTOF,Office and telecom equipment,WL,World,UC,US dollar at current prices,2004,2029000000,,
MT,Merchandise trade,CO,Merchandise trade by commodity,BR,Brazil,X,Exports,MAMTOF,Office and telecom equipment,WL,World,UC,US dollar at current prices,2005,3722000000,,
MT,Merchandise trade,CO,Merchandise trade by commodity,BR,Brazil,X,Exports,MAMTOF,Office and telecom equipment,WL,World,UC,US dollar at current prices,2006,3979000000,,
MT,Merchandise trade,CO,Merchandise trade by commodity,BR,Brazil,X,Exports,MAMTOF,Office and telecom equipment,WL,World,UC,US dollar at current prices,2007,2678000000,,
MT,Merchandise trade,CO,Merchandise trade by commodity,BR,Brazil,X,Exports,MAMTOF,Office and telecom equipment,WL,World,UC,US dollar at current prices,2008,3162000000,,
MT,Merchandise trade,CO,Merchandise trade by commodity,BR,Brazil,X,Exports,MAMTOF,Office and telecom equipment,WL,World,UC,US dollar at current prices,2009,2340000000,,
MT,Merchandise trade,CO,Merchandise trade by commodity,BR,Brazil,X,Exports,MAMTOF,Office and telecom equipment,WL,World,UC,US dollar at current prices,2010,2015000000,,
MT,Merchandise trade,CO,Merchandise trade by commodity,BR,Brazil,X,Exports,MAMTOF,Office and telecom equipment,WL,World,UC,US dollar at current prices,2011,1827457000,,
MT,Merchandise trade,CO,Merchandise trade by commodity,BR,Brazil,X,Exports,MAMTOF,Office and telecom equipment,WL,World,UC,US dollar at current prices,2012,1374754000,,
MT,Merchandise trade,CO,Merchandise trade by commodity,BR,Brazil,X,Exports,MAMTOF,Office and telecom equipment,WL,World,UC,US dollar at current prices,2013,1198842000,,
MT,Merchandise trade,CO,Merchandise trade by commodity,BR,Brazil,X,Exports,MAMTOF,Office and telecom equipment,WL,World,UC,US dollar at current prices,2014,903941000,,
MT,Merchandise trade,CO,Merchandise trade by commodity,BR,Brazil,X,Exports,MAMTOF,Office and telecom equipment,WL,World,UC,US dollar at current prices,2015,870111000,,
MT,Merchandise trade,CO,Merchandise trade by commodity,BR,Brazil,X,Exports,MAMTOF,Office and telecom equipment,WL,World,UC,US dollar at current prices,2016,730268000,,
MT,Merchandise trade,CO,Merchandise trade by commodity,BR,Brazil,X,Exports,MAMTOTEP,Electronic data processing and office equipment,WL,World,UC,US dollar at current prices,1990,171741744,,
MT,Merchandise trade,CO,Merchandise trade by commodity,BR,Brazil,X,Exports,MAMTOTEP,Electronic data processing and office equipment,WL,World,UC,US dollar at current prices,1991,271632032,,
MT,Merchandise trade,CO,Merchandise trade by commodity,BR,Brazil,X,Exports,MAMTOTEP,Electronic data processing and office equipment,WL,World,UC,US dollar at current prices,1992,275948288,,
MT,Merchandise trade,CO,Merchandise trade by commodity,BR,Brazil,X,Exports,MAMTOTEP,Electronic data processing and office equipment,WL,World,UC,US dollar at current prices,1993,247920336,,
MT,Merchandise trade,CO,Merchandise trade by commodity,BR,Brazil,X,Exports,MAMTOTEP,Electronic data processing and office equipment,WL,World,UC,US dollar at current prices,1994,217410864,,
MT,Merchandise trade,CO,Merchandise trade by commodity,BR,Brazil,X,Exports,MAMTOTEP,Electronic data processing and office equipment,WL,World,UC,US dollar at current prices,1995,261439360,,
MT,Merchandise trade,CO,Merchandise trade by commodity,BR,Brazil,X,Exports,MAMTOTEP,Electronic data processing and office equipment,WL,World,UC,US dollar at current prices,1996,353665728,,
MT,Merchandise trade,CO,Merchandise trade by commodity,BR,Brazil,X,Exports,MAMTOTEP,Electronic data processing and office equipment,WL,World,UC,US dollar at current prices,1997,342960960,,
MT,Merchandise trade,CO,Merchandise trade by commodity,BR,Brazil,X,Exports,MAMTOTEP,Electronic data processing and office equipment,WL,World,UC,US dollar at current prices,1998,352790272,,
MT,Merchandise trade,CO,Merchandise trade by commodity,BR,Brazil,X,Exports,MAMTOTEP,Electronic data processing and office equipment,WL,World,UC,US dollar at current prices,1999,471578240,,
MT,Merchandise trade,CO,Merchandise trade by commodity,BR,Brazil,X,Exports,MAMTOTEP,Electronic data processing and office equipment,WL,World,UC,US dollar at current prices,2000,490113505,,
MT,Merchandise trade,CO,Merchandise trade by commodity,BR,Brazil,X,Exports,MAMTOTEP,Electronic data processing and office equipment,WL,World,UC,US dollar at current prices,2001,396040244,,
MT,Merchandise trade,CO,Merchandise trade by commodity,BR,Brazil,X,Exports,MAMTOTEP,Electronic data processing and office equipment,WL,World,UC,US dollar at current prices,2002,236495597,,
MT,Merchandise trade,CO,Merchandise trade by commodity,BR,Brazil,X,Exports,MAMTOTEP,Electronic data processing and office equipment,WL,World,UC,US dollar at current prices,2003,272753559,,
MT,Merchandise trade,CO,Merchandise trade by commodity,BR,Brazil,X,Exports,MAMTOTEP,Electronic data processing and office equipment,WL,World,UC,US dollar at current prices,2004,334000000,,
MT,Merchandise trade,CO,Merchandise trade by commodity,BR,Brazil,X,Exports,MAMTOTEP,Electronic data processing and office equipment,WL,World,UC,US dollar at current prices,2005,483000000,,
MT,Merchandise trade,CO,Merchandise trade by commodity,BR,Brazil,X,Exports,MAMTOTEP,Electronic data processing and office equipment,WL,World,UC,US dollar at current prices,2006,501000000,,
MT,Merchandise trade,CO,Merchandise trade by commodity,BR,Brazil,X,Exports,MAMTOTEP,Electronic data processing and office equipment,WL,World,UC,US dollar at current prices,2007,324000000,,
MT,Merchandise trade,CO,Merchandise trade by commodity,BR,Brazil,X,Exports,MAMTOTEP,Electronic data processing and office equipment,WL,World,UC,US dollar at current prices,2008,409000000,,
MT,Merchandise trade,CO,Merchandise trade by commodity,BR,Brazil,X,Exports,MAMTOTEP,Electronic data processing and office equipment,WL,World,UC,US dollar at current prices,2009,398000000,,
MT,Merchandise trade,CO,Merchandise trade by commodity,BR,Brazil,X,Exports,MAMTOTEP,Electronic data processing and office equipment,WL,World,UC,US dollar at current prices,2010,371000000,,
MT,Merchandise trade,CO,Merchandise trade by commodity,BR,Brazil,X,Exports,MAMTOTEP,Electronic data processing and office equipment,WL,World,UC,US dollar at current prices,2011,408405000,,
MT,Merchandise trade,CO,Merchandise trade by commodity,BR,Brazil,X,Exports,MAMTOTEP,Electronic data processing and office equipment,WL,World,UC,US dollar at current prices,2012,369733000,,
MT,Merchandise trade,CO,Merchandise trade by commodity,BR,Brazil,X,Exports,MAMTOTEP,Electronic data processing and office equipment,WL,World,UC,US dollar at current prices,2013,367729000,,
MT,Merchandise trade,CO,Merchandise trade by commodity,BR,Brazil,X,Exports,MAMTOTEP,Electronic data processing and office equipment,WL,World,UC,US dollar at current prices,2014,259918000,,
MT,Merchandise trade,CO,Merchandise trade by commodity,BR,Brazil,X,Exports,MAMTOTEP,Electronic data processing and office equipment,WL,World,UC,US dollar at current prices,2015,234428000,,
MT,Merchandise trade,CO,Merchandise trade by commodity,BR,Brazil,X,Exports,MAMTOTEP,Electronic data processing and office equipment,WL,World,UC,US dollar at current prices,2016,281117000,,
MT,Merchandise trade,CO,Merchandise trade by commodity,BR,Brazil,X,Exports,MAMTOTTL,Telecommunications equipment,WL,World,UC,US dollar at current prices,1990,441505280,,
MT,Merchandise trade,CO,Merchandise trade by commodity,BR,Brazil,X,Exports,MAMTOTTL,Telecommunications equipment,WL,World,UC,US dollar at current prices,1991,360595040,,
MT,Merchandise trade,CO,Merchandise trade by commodity,BR,Brazil,X,Exports,MAMTOTTL,Telecommunications equipment,WL,World,UC,US dollar at current prices,1992,372089984,,
MT,Merchandise trade,CO,Merchandise trade by commodity,BR,Brazil,X,Exports,MAMTOTTL,Telecommunications equipment,WL,World,UC,US dollar at current prices,1993,395730112,,
MT,Merchandise trade,CO,Merchandise trade by commodity,BR,Brazil,X,Exports,MAMTOTTL,Telecommunications equipment,WL,World,UC,US dollar at current prices,1994,409230112,,
MT,Merchandise trade,CO,Merchandise trade by commodity,BR,Brazil,X,Exports,MAMTOTTL,Telecommunications equipment,WL,World,UC,US dollar at current prices,1995,400194912,,
MT,Merchandise trade,CO,Merchandise trade by commodity,BR,Brazil,X,Exports,MAMTOTTL,Telecommunications equipment,WL,World,UC,US dollar at current prices,1996,452688256,,
MT,Merchandise trade,CO,Merchandise trade by commodity,BR,Brazil,X,Exports,MAMTOTTL,Telecommunications equipment,WL,World,UC,US dollar at current prices,1997,609615872,,
MT,Merchandise trade,CO,Merchandise trade by commodity,BR,Brazil,X,Exports,MAMTOTTL,Telecommunications equipment,WL,World,UC,US dollar at current prices,1998,595232832,,
MT,Merchandise trade,CO,Merchandise trade by commodity,BR,Brazil,X,Exports,MAMTOTTL,Telecommunications equipment,WL,World,UC,US dollar at current prices,1999,724747958,,
MT,Merchandise trade,CO,Merchandise trade by commodity,BR,Brazil,X,Exports,MAMTOTTL,Telecommunications equipment,WL,World,UC,US dollar at current prices,2000,1595889684,,
MT,Merchandise trade,CO,Merchandise trade by commodity,BR,Brazil,X,Exports,MAMTOTTL,Telecommunications equipment,WL,World,UC,US dollar at current prices,2001,1794676366,,
MT,Merchandise trade,CO,Merchandise trade by commodity,BR,Brazil,X,Exports,MAMTOTTL,Telecommunications equipment,WL,World,UC,US dollar at current prices,2002,1731857386,,
MT,Merchandise trade,CO,Merchandise trade by commodity,BR,Brazil,X,Exports,MAMTOTTL,Telecommunications equipment,WL,World,UC,US dollar at current prices,2003,1642511654,,
MT,Merchandise trade,CO,Merchandise trade by commodity,BR,Brazil,X,Exports,MAMTOTTL,Telecommunications equipment,WL,World,UC,US dollar at current prices,2004,1481000000,,
MT,Merchandise trade,CO,Merchandise trade by commodity,BR,Brazil,X,Exports,MAMTOTTL,Telecommunications equipment,WL,World,UC,US dollar at current prices,2005,3068000000,,
MT,Merchandise trade,CO,Merchandise trade by commodity,BR,Brazil,X,Exports,MAMTOTTL,Telecommunications equipment,WL,World,UC,US dollar at current prices,2006,3318000000,,
MT,Merchandise trade,CO,Merchandise trade by commodity,BR,Brazil,X,Exports,MAMTOTTL,Telecommunications equipment,WL,World,UC,US dollar at current prices,2007,2307000000,,
MT,Merchandise trade,CO,Merchandise trade by commodity,BR,Brazil,X,Exports,MAMTOTTL,Telecommunications equipment,WL,World,UC,US dollar at current prices,2008,2635000000,,
MT,Merchandise trade,CO,Merchandise trade by commodity,BR,Brazil,X,Exports,MAMTOTTL,Telecommunications equipment,WL,World,UC,US dollar at current prices,2009,1825000000,,
MT,Merchandise trade,CO,Merchandise trade by commodity,BR,Brazil,X,Exports,MAMTOTTL,Telecommunications equipment,WL,World,UC,US dollar at current prices,2010,1500000000,,
MT,Merchandise trade,CO,Merchandise trade by commodity,BR,Brazil,X,Exports,MAMTOTTL,Telecommunications equipment,WL,World,UC,US dollar at current prices,2011,1231176000,,
MT,Merchandise trade,CO,Merchandise trade by commodity,BR,Brazil,X,Exports,MAMTOTTL,Telecommunications equipment,WL,World,UC,US dollar at current prices,2012,838905000,,
MT,Merchandise trade,CO,Merchandise trade by commodity,BR,Brazil,X,Exports,MAMTOTTL,Telecommunications equipment,WL,World,UC,US dollar at current prices,2013,664317000,,
MT,Merchandise trade,CO,Merchandise trade by commodity,BR,Brazil,X,Exports,MAMTOTTL,Telecommunications equipment,WL,World,UC,US dollar at current prices,2014,476747000,,
MT,Merchandise trade,CO,Merchandise trade by commodity,BR,Brazil,X,Exports,MAMTOTTL,Telecommunications equipment,WL,World,UC,US dollar at current prices,2015,439960000,,
MT,Merchandise trade,CO,Merchandise trade by commodity,BR,Brazil,X,Exports,MAMTOTTL,Telecommunications equipment,WL,World,UC,US dollar at current prices,2016,311992000,,
MT,Merchandise trade,CO,Merchandise trade by commodity,BR,Brazil,X,Exports,MAMTOTIC,Integrated circuits and electronic components,WL,World,UC,US dollar at current prices,1990,79233744,,
MT,Merchandise trade,CO,Merchandise trade by commodity,BR,Brazil,X,Exports,MAMTOTIC,Integrated circuits and electronic components,WL,World,UC,US dollar at current prices,1991,96639472,,
MT,Merchandise trade,CO,Merchandise trade by commodity,BR,Brazil,X,Exports,MAMTOTIC,Integrated circuits and electronic components,WL,World,UC,US dollar at current prices,1992,98868232,,
MT,Merchandise trade,CO,Merchandise trade by commodity,BR,Brazil,X,Exports,MAMTOTIC,Integrated circuits and electronic components,WL,World,UC,US dollar at current prices,1993,89268512,,
MT,Merchandise trade,CO,Merchandise trade by commodity,BR,Brazil,X,Exports,MAMTOTIC,Integrated circuits and electronic components,WL,World,UC,US dollar at current prices,1994,92165248,,
MT,Merchandise trade,CO,Merchandise trade by commodity,BR,Brazil,X,Exports,MAMTOTIC,Integrated circuits and electronic components,WL,World,UC,US dollar at current prices,1995,86970752,,
MT,Merchandise trade,CO,Merchandise trade by commodity,BR,Brazil,X,Exports,MAMTOTIC,Integrated circuits and electronic components,WL,World,UC,US dollar at current prices,1996,92324280,,
MT,Merchandise trade,CO,Merchandise trade by commodity,BR,Brazil,X,Exports,MAMTOTIC,Integrated circuits and electronic components,WL,World,UC,US dollar at current prices,1997,97715944,,
MT,Merchandise trade,CO,Merchandise trade by commodity,BR,Brazil,X,Exports,MAMTOTIC,Integrated circuits and electronic components,WL,World,UC,US dollar at current prices,1998,120321440,,
MT,Merchandise trade,CO,Merchandise trade by commodity,BR,Brazil,X,Exports,MAMTOTIC,Integrated circuits and electronic components,WL,World,UC,US dollar at current prices,1999,148276089,,
MT,Merchandise trade,CO,Merchandise trade by commodity,BR,Brazil,X,Exports,MAMTOTIC,Integrated circuits and electronic components,WL,World,UC,US dollar at current prices,2000,231279671,,
MT,Merchandise trade,CO,Merchandise trade by commodity,BR,Brazil,X,Exports,MAMTOTIC,Integrated circuits and electronic components,WL,World,UC,US dollar at current prices,2001,209457444,,
MT,Merchandise trade,CO,Merchandise trade by commodity,BR,Brazil,X,Exports,MAMTOTIC,Integrated circuits and electronic components,WL,World,UC,US dollar at current prices,2002,250021103,,
MT,Merchandise trade,CO,Merchandise trade by commodity,BR,Brazil,X,Exports,MAMTOTIC,Integrated circuits and electronic components,WL,World,UC,US dollar at current prices,2003,213667810,,
MT,Merchandise trade,CO,Merchandise trade by commodity,BR,Brazil,X,Exports,MAMTOTIC,Integrated circuits and electronic components,WL,World,UC,US dollar at current prices,2004,214000000,,
MT,Merchandise trade,CO,Merchandise trade by commodity,BR,Brazil,X,Exports,MAMTOTIC,Integrated circuits and electronic components,WL,World,UC,US dollar at current prices,2005,171000000,,
MT,Merchandise trade,CO,Merchandise trade by commodity,BR,Brazil,X,Exports,MAMTOTIC,Integrated circuits and electronic components,WL,World,UC,US dollar at current prices,2006,160000000,,
MT,Merchandise trade,CO,Merchandise trade by commodity,BR,Brazil,X,Exports,MAMTOTIC,Integrated circuits and electronic components,WL,World,UC,US dollar at current prices,2007,47000000,,
MT,Merchandise trade,CO,Merchandise trade by commodity,BR,Brazil,X,Exports,MAMTOTIC,Integrated circuits and electronic components,WL,World,UC,US dollar at current prices,2008,118000000,,
MT,Merchandise trade,CO,Merchandise trade by commodity,BR,Brazil,X,Exports,MAMTOTIC,Integrated circuits and electronic components,WL,World,UC,US dollar at current prices,2009,117000000,,
MT,Merchandise trade,CO,Merchandise trade by commodity,BR,Brazil,X,Exports,MAMTOTIC,Integrated circuits and electronic components,WL,World,UC,US dollar at current prices,2010,144000000,,
MT,Merchandise trade,CO,Merchandise trade by commodity,BR,Brazil,X,Exports,MAMTOTIC,Integrated circuits and electronic components,WL,World,UC,US dollar at current prices,2011,187876000,,
MT,Merchandise trade,CO,Merchandise trade by commodity,BR,Brazil,X,Exports,MAMTOTIC,Integrated circuits and electronic components,WL,World,UC,US dollar at current prices,2012,166116000,,
MT,Merchandise trade,CO,Merchandise trade by commodity,BR,Brazil,X,Exports,MAMTOTIC,Integrated circuits and electronic components,WL,World,UC,US dollar at current prices,2013,166796000,,
MT,Merchandise trade,CO,Merchandise trade by commodity,BR,Brazil,X,Exports,MAMTOTIC,Integrated circuits and electronic components,WL,World,UC,US dollar at current prices,2014,167276000,,
MT,Merchandise trade,CO,Merchandise trade by commodity,BR,Brazil,X,Exports,MAMTOTIC,Integrated circuits and electronic components,WL,World,UC,US dollar at current prices,2015,195723000,,
MT,Merchandise trade,CO,Merchandise trade by commodity,BR,Brazil,X,Exports,MAMTOTIC,Integrated circuits and electronic components,WL,World,UC,US dollar at current prices,2016,137159000,,
MT,Merchandise trade,CO,Merchandise trade by commodity,BR,Brazil,M,Imports,MAMTOF,Office and telecom equipment,WL,World,UC,US dollar at current prices,1980,641347322,,Method of valuation: 2000 onwards: Imports are valued f.o.b.
MT,Merchandise trade,CO,Merchandise trade by commodity,BR,Brazil,M,Imports,MAMTOF,Office and telecom equipment,WL,World,UC,US dollar at current prices,1981,1019958380,,Method of valuation: 2000 onwards: Imports are valued f.o.b.
MT,Merchandise trade,CO,Merchandise trade by commodity,BR,Brazil,M,Imports,MAMTOF,Office and telecom equipment,WL,World,UC,US dollar at current prices,1982,796620617,,Method of valuation: 2000 onwards: Imports are valued f.o.b.
MT,Merchandise trade,CO,Merchandise trade by commodity,BR,Brazil,M,Imports,MAMTOF,Office and telecom equipment,WL,World,UC,US dollar at current prices,1983,576727692,,Method of valuation: 2000 onwards: Imports are valued f.o.b.
MT,Merchandise trade,CO,Merchandise trade by commodity,BR,Brazil,M,Imports,MAMTOF,Office and telecom equipment,WL,World,UC,US dollar at current prices,1984,470966969,,Method of valuation: 2000 onwards: Imports are valued f.o.b.
MT,Merchandise trade,CO,Merchandise trade by commodity,BR,Brazil,M,Imports,MAMTOF,Office and telecom equipment,WL,World,UC,US dollar at current prices,1985,654508035,,Method of valuation: 2000 onwards: Imports are valued f.o.b.
MT,Merchandise trade,CO,Merchandise trade by commodity,BR,Brazil,M,Imports,MAMTOF,Office and telecom equipment,WL,World,UC,US dollar at current prices,1986,913675846,,Method of valuation: 2000 onwards: Imports are valued f.o.b.
MT,Merchandise trade,CO,Merchandise trade by commodity,BR,Brazil,M,Imports,MAMTOF,Office and telecom equipment,WL,World,UC,US dollar at current prices,1987,826496204,,Method of valuation: 2000 onwards: Imports are valued f.o.b.
MT,Merchandise trade,CO,Merchandise trade by commodity,BR,Brazil,M,Imports,MAMTOF,Office and telecom equipment,WL,World,UC,US dollar at current prices,1988,974319848,,Method of valuation: 2000 onwards: Imports are valued f.o.b.
MT,Merchandise trade,CO,Merchandise trade by commodity,BR,Brazil,M,Imports,MAMTOF,Office and telecom equipment,WL,World,UC,US dollar at current prices,1989,1367431200,,Method of valuation: 2000 onwards: Imports are valued f.o.b.
MT,Merchandise trade,CO,Merchandise trade by commodity,BR,Brazil,M,Imports,MAMTOF,Office and telecom equipment,WL,World,UC,US dollar at current prices,1990,1514154208,,Method of valuation: 2000 onwards: Imports are valued f.o.b.
MT,Merchandise trade,CO,Merchandise trade by commodity,BR,Brazil,M,Imports,MAMTOF,Office and telecom equipment,WL,World,UC,US dollar at current prices,1991,1507861184,,Method of valuation: 2000 onwards: Imports are valued f.o.b.
MT,Merchandise trade,CO,Merchandise trade by commodity,BR,Brazil,M,Imports,MAMTOF,Office and telecom equipment,WL,World,UC,US dollar at current prices,1992,1683367744,,Method of valuation: 2000 onwards: Imports are valued f.o.b.
MT,Merchandise trade,CO,Merchandise trade by commodity,BR,Brazil,M,Imports,MAMTOF,Office and telecom equipment,WL,World,UC,US dollar at current prices,1993,2387174080,,Method of valuation: 2000 onwards: Imports are valued f.o.b.
MT,Merchandise trade,CO,Merchandise trade by commodity,BR,Brazil,M,Imports,MAMTOF,Office and telecom equipment,WL,World,UC,US dollar at current prices,1994,3402536384,,Method of valuation: 2000 onwards: Imports are valued f.o.b.
MT,Merchandise trade,CO,Merchandise trade by commodity,BR,Brazil,M,Imports,MAMTOF,Office and telecom equipment,WL,World,UC,US dollar at current prices,1995,5229527296,,Method of valuation: 2000 onwards: Imports are valued f.o.b.
MT,Merchandise trade,CO,Merchandise trade by commodity,BR,Brazil,M,Imports,MAMTOF,Office and telecom equipment,WL,World,UC,US dollar at current prices,1996,6055589888,,Method of valuation: 2000 onwards: Imports are valued f.o.b.
MT,Merchandise trade,CO,Merchandise trade by commodity,BR,Brazil,M,Imports,MAMTOF,Office and telecom equipment,WL,World,UC,US dollar at current prices,1997,7000652160,,Method of valuation: 2000 onwards: Imports are valued f.o.b.
MT,Merchandise trade,CO,Merchandise trade by commodity,BR,Brazil,M,Imports,MAMTOF,Office and telecom equipment,WL,World,UC,US dollar at current prices,1998,6207249792,,Method of valuation: 2000 onwards: Imports are valued f.o.b.
MT,Merchandise trade,CO,Merchandise trade by commodity,BR,Brazil,M,Imports,MAMTOF,Office and telecom equipment,WL,World,UC,US dollar at current prices,1999,5922284230,,Method of valuation: 2000 onwards: Imports are valued f.o.b.
MT,Merchandise trade,CO,Merchandise trade by commodity,BR,Brazil,M,Imports,MAMTOF,Office and telecom equipment,WL,World,UC,US dollar at current prices,2000,7601361187,,Method of valuation: 2000 onwards: Imports are valued f.o.b.
MT,Merchandise trade,CO,Merchandise trade by commodity,BR,Brazil,M,Imports,MAMTOF,Office and telecom equipment,WL,World,UC,US dollar at current prices,2001,6955664225,,Method of valuation: 2000 onwards: Imports are valued f.o.b.
MT,Merchandise trade,CO,Merchandise trade by commodity,BR,Brazil,M,Imports,MAMTOF,Office and telecom equipment,WL,World,UC,US dollar at current prices,2002,4760996123,,Method of valuation: 2000 onwards: Imports are valued f.o.b.
MT,Merchandise trade,CO,Merchandise trade by commodity,BR,Brazil,M,Imports,MAMTOF,Office and telecom equipment,WL,World,UC,US dollar at current prices,2003,4934451615,,Method of valuation: 2000 onwards: Imports are valued f.o.b.
MT,Merchandise trade,CO,Merchandise trade by commodity,BR,Brazil,M,Imports,MAMTOF,Office and telecom equipment,WL,World,UC,US dollar at current prices,2004,6900716727,,Method of valuation: 2000 onwards: Imports are valued f.o.b.
MT,Merchandise trade,CO,Merchandise trade by commodity,BR,Brazil,M,Imports,MAMTOF,Office and telecom equipment,WL,World,UC,US dollar at current prices,2005,8785555678,,Method of valuation: 2000 onwards: Imports are valued f.o.b.
MT,Merchandise trade,CO,Merchandise trade by commodity,BR,Brazil,M,Imports,MAMTOF,Office and telecom equipment,WL,World,UC,US dollar at current prices,2006,11039853867,,Method of valuation: 2000 onwards: Imports are valued f.o.b.
MT,Merchandise trade,CO,Merchandise trade by commodity,BR,Brazil,M,Imports,MAMTOF,Office and telecom equipment,WL,World,UC,US dollar at current prices,2007,12363627000,,Method of valuation: 2000 onwards: Imports are valued f.o.b.
MT,Merchandise trade,CO,Merchandise trade by commodity,BR,Brazil,M,Imports,MAMTOF,Office and telecom equipment,WL,World,UC,US dollar at current prices,2008,16302163503,,Method of valuation: 2000 onwards: Imports are valued f.o.b.
MT,Merchandise trade,CO,Merchandise trade by commodity,BR,Brazil,M,Imports,MAMTOF,Office and telecom equipment,WL,World,UC,US dollar at current prices,2009,12325801720,,Method of valuation: 2000 onwards: Imports are valued f.o.b.
MT,Merchandise trade,CO,Merchandise trade by commodity,BR,Brazil,M,Imports,MAMTOF,Office and telecom equipment,WL,World,UC,US dollar at current prices,2010,17482418780,,Method of valuation: 2000 onwards: Imports are valued f.o.b.
MT,Merchandise trade,CO,Merchandise trade by commodity,BR,Brazil,M,Imports,MAMTOF,Office and telecom equipment,WL,World,UC,US dollar at current prices,2011,20340708939,,Method of valuation: 2000 onwards: Imports are valued f.o.b.
MT,Merchandise trade,CO,Merchandise trade by commodity,BR,Brazil,M,Imports,MAMTOF,Office and telecom equipment,WL,World,UC,US dollar at current prices,2012,20057267774,,Method of valuation: 2000 onwards: Imports are valued f.o.b.
MT,Merchandise trade,CO,Merchandise trade by commodity,BR,Brazil,M,Imports,MAMTOF,Office and telecom equipment,WL,World,UC,US dollar at current prices,2013,21196640246,,Method of valuation: 2000 onwards: Imports are valued f.o.b.
MT,Merchandise trade,CO,Merchandise trade by commodity,BR,Brazil,M,Imports,MAMTOF,Office and telecom equipment,WL,World,UC,US dollar at current prices,2014,20595869303,,Method of valuation: 2000 onwards: Imports are valued f.o.b.
MT,Merchandise trade,CO,Merchandise trade by commodity,BR,Brazil,M,Imports,MAMTOF,Office and telecom equipment,WL,World,UC,US dollar at current prices,2015,14774228477,,Method of valuation: 2000 onwards: Imports are valued f.o.b.
MT,Merchandise trade,CO,Merchandise trade by commodity,BR,Brazil,M,Imports,MAMTOF,Office and telecom equipment,WL,World,UC,US dollar at current prices,2016,11979287913,,Method of valuation: 2000 onwards: Imports are valued f.o.b.
MT,Merchandise trade,CO,Merchandise trade by commodity,BR,Brazil,M,Imports,MAMTOTEP,Electronic data processing and office equipment,WL,World,UC,US dollar at current prices,1990,469353088,,Method of valuation: 2000 onwards: Imports are valued f.o.b.
MT,Merchandise trade,CO,Merchandise trade by commodity,BR,Brazil,M,Imports,MAMTOTEP,Electronic data processing and office equipment,WL,World,UC,US dollar at current prices,1991,515271936,,Method of valuation: 2000 onwards: Imports are valued f.o.b.
MT,Merchandise trade,CO,Merchandise trade by commodity,BR,Brazil,M,Imports,MAMTOTEP,Electronic data processing and office equipment,WL,World,UC,US dollar at current prices,1992,747741952,,Method of valuation: 2000 onwards: Imports are valued f.o.b.
MT,Merchandise trade,CO,Merchandise trade by commodity,BR,Brazil,M,Imports,MAMTOTEP,Electronic data processing and office equipment,WL,World,UC,US dollar at current prices,1993,941294208,,Method of valuation: 2000 onwards: Imports are valued f.o.b.
MT,Merchandise trade,CO,Merchandise trade by commodity,BR,Brazil,M,Imports,MAMTOTEP,Electronic data processing and office equipment,WL,World,UC,US dollar at current prices,1994,1234371328,,Method of valuation: 2000 onwards: Imports are valued f.o.b.
MT,Merchandise trade,CO,Merchandise trade by commodity,BR,Brazil,M,Imports,MAMTOTEP,Electronic data processing and office equipment,WL,World,UC,US dollar at current prices,1995,1684389760,,Method of valuation: 2000 onwards: Imports are valued f.o.b.
MT,Merchandise trade,CO,Merchandise trade by commodity,BR,Brazil,M,Imports,MAMTOTEP,Electronic data processing and office equipment,WL,World,UC,US dollar at current prices,1996,1776854528,,Method of valuation: 2000 onwards: Imports are valued f.o.b.
MT,Merchandise trade,CO,Merchandise trade by commodity,BR,Brazil,M,Imports,MAMTOTEP,Electronic data processing and office equipment,WL,World,UC,US dollar at current prices,1997,1820943872,,Method of valuation: 2000 onwards: Imports are valued f.o.b.
MT,Merchandise trade,CO,Merchandise trade by commodity,BR,Brazil,M,Imports,MAMTOTEP,Electronic data processing and office equipment,WL,World,UC,US dollar at current prices,1998,1826918144,,Method of valuation: 2000 onwards: Imports are valued f.o.b.
MT,Merchandise trade,CO,Merchandise trade by commodity,BR,Brazil,M,Imports,MAMTOTEP,Electronic data processing and office equipment,WL,World,UC,US dollar at current prices,1999,1614524073,,Method of valuation: 2000 onwards: Imports are valued f.o.b.
MT,Merchandise trade,CO,Merchandise trade by commodity,BR,Brazil,M,Imports,MAMTOTEP,Electronic data processing and office equipment,WL,World,UC,US dollar at current prices,2000,1962204373,,Method of valuation: 2000 onwards: Imports are valued f.o.b.
MT,Merchandise trade,CO,Merchandise trade by commodity,BR,Brazil,M,Imports,MAMTOTEP,Electronic data processing and office equipment,WL,World,UC,US dollar at current prices,2001,1827913342,,Method of valuation: 2000 onwards: Imports are valued f.o.b.
MT,Merchandise trade,CO,Merchandise trade by commodity,BR,Brazil,M,Imports,MAMTOTEP,Electronic data processing and office equipment,WL,World,UC,US dollar at current prices,2002,1404929076,,Method of valuation: 2000 onwards: Imports are valued f.o.b.
MT,Merchandise trade,CO,Merchandise trade by commodity,BR,Brazil,M,Imports,MAMTOTEP,Electronic data processing and office equipment,WL,World,UC,US dollar at current prices,2003,1320944888,,Method of valuation: 2000 onwards: Imports are valued f.o.b.
MT,Merchandise trade,CO,Merchandise trade by commodity,BR,Brazil,M,Imports,MAMTOTEP,Electronic data processing and office equipment,WL,World,UC,US dollar at current prices,2004,1566079430,,Method of valuation: 2000 onwards: Imports are valued f.o.b.
MT,Merchandise trade,CO,Merchandise trade by commodity,BR,Brazil,M,Imports,MAMTOTEP,Electronic data processing and office equipment,WL,World,UC,US dollar at current prices,2005,2027320826,,Method of valuation: 2000 onwards: Imports are valued f.o.b.
MT,Merchandise trade,CO,Merchandise trade by commodity,BR,Brazil,M,Imports,MAMTOTEP,Electronic data processing and office equipment,WL,World,UC,US dollar at current prices,2006,2718601322,,Method of valuation: 2000 onwards: Imports are valued f.o.b.
MT,Merchandise trade,CO,Merchandise trade by commodity,BR,Brazil,M,Imports,MAMTOTEP,Electronic data processing and office equipment,WL,World,UC,US dollar at current prices,2007,3471898000,,Method of valuation: 2000 onwards: Imports are valued f.o.b.
MT,Merchandise trade,CO,Merchandise trade by commodity,BR,Brazil,M,Imports,MAMTOTEP,Electronic data processing and office equipment,WL,World,UC,US dollar at current prices,2008,4299864133,,Method of valuation: 2000 onwards: Imports are valued f.o.b.
MT,Merchandise trade,CO,Merchandise trade by commodity,BR,Brazil,M,Imports,MAMTOTEP,Electronic data processing and office equipment,WL,World,UC,US dollar at current prices,2009,3684833327,,Method of valuation: 2000 onwards: Imports are valued f.o.b.
MT,Merchandise trade,CO,Merchandise trade by commodity,BR,Brazil,M,Imports,MAMTOTEP,Electronic data processing and office equipment,WL,World,UC,US dollar at current prices,2010,5013764814,,Method of valuation: 2000 onwards: Imports are valued f.o.b.
MT,Merchandise trade,CO,Merchandise trade by commodity,BR,Brazil,M,Imports,MAMTOTEP,Electronic data processing and office equipment,WL,World,UC,US dollar at current prices,2011,5456522702,,Method of valuation: 2000 onwards: Imports are valued f.o.b.
MT,Merchandise trade,CO,Merchandise trade by commodity,BR,Brazil,M,Imports,MAMTOTEP,Electronic data processing and office equipment,WL,World,UC,US dollar at current prices,2012,5952487915,,Method of valuation: 2000 onwards: Imports are valued f.o.b.
MT,Merchandise trade,CO,Merchandise trade by commodity,BR,Brazil,M,Imports,MAMTOTEP,Electronic data processing and office equipment,WL,World,UC,US dollar at current prices,2013,5446932578,,Method of valuation: 2000 onwards: Imports are valued f.o.b.
MT,Merchandise trade,CO,Merchandise trade by commodity,BR,Brazil,M,Imports,MAMTOTEP,Electronic data processing and office equipment,WL,World,UC,US dollar at current prices,2014,5085458628,,Method of valuation: 2000 onwards: Imports are valued f.o.b.
MT,Merchandise trade,CO,Merchandise trade by commodity,BR,Brazil,M,Imports,MAMTOTEP,Electronic data processing and office equipment,WL,World,UC,US dollar at current prices,2015,3757032222,,Method of valuation: 2000 onwards: Imports are valued f.o.b.
MT,Merchandise trade,CO,Merchandise trade by commodity,BR,Brazil,M,Imports,MAMTOTEP,Electronic data processing and office equipment,WL,World,UC,US dollar at current prices,2016,2638196378,,Method of valuation: 2000 onwards: Imports are valued f.o.b.
MT,Merchandise trade,CO,Merchandise trade by commodity,BR,Brazil,M,Imports,MAMTOTTL,Telecommunications equipment,WL,World,UC,US dollar at current prices,1990,555028416,,Method of valuation: 2000 onwards: Imports are valued f.o.b.
MT,Merchandise trade,CO,Merchandise trade by commodity,BR,Brazil,M,Imports,MAMTOTTL,Telecommunications equipment,WL,World,UC,US dollar at current prices,1991,542556992,,Method of valuation: 2000 onwards: Imports are valued f.o.b.
MT,Merchandise trade,CO,Merchandise trade by commodity,BR,Brazil,M,Imports,MAMTOTTL,Telecommunications equipment,WL,World,UC,US dollar at current prices,1992,555018368,,Method of valuation: 2000 onwards: Imports are valued f.o.b.
MT,Merchandise trade,CO,Merchandise trade by commodity,BR,Brazil,M,Imports,MAMTOTTL,Telecommunications equipment,WL,World,UC,US dollar at current prices,1993,884785152,,Method of valuation: 2000 onwards: Imports are valued f.o.b.
MT,Merchandise trade,CO,Merchandise trade by commodity,BR,Brazil,M,Imports,MAMTOTTL,Telecommunications equipment,WL,World,UC,US dollar at current prices,1994,1360564864,,Method of valuation: 2000 onwards: Imports are valued f.o.b.
MT,Merchandise trade,CO,Merchandise trade by commodity,BR,Brazil,M,Imports,MAMTOTTL,Telecommunications equipment,WL,World,UC,US dollar at current prices,1995,2215678976,,Method of valuation: 2000 onwards: Imports are valued f.o.b.
MT,Merchandise trade,CO,Merchandise trade by commodity,BR,Brazil,M,Imports,MAMTOTTL,Telecommunications equipment,WL,World,UC,US dollar at current prices,1996,2699172864,,Method of valuation: 2000 onwards: Imports are valued f.o.b.
MT,Merchandise trade,CO,Merchandise trade by commodity,BR,Brazil,M,Imports,MAMTOTTL,Telecommunications equipment,WL,World,UC,US dollar at current prices,1997,3455941120,,Method of valuation: 2000 onwards: Imports are valued f.o.b.
MT,Merchandise trade,CO,Merchandise trade by commodity,BR,Brazil,M,Imports,MAMTOTTL,Telecommunications equipment,WL,World,UC,US dollar at current prices,1998,2866719232,,Method of valuation: 2000 onwards: Imports are valued f.o.b.
MT,Merchandise trade,CO,Merchandise trade by commodity,BR,Brazil,M,Imports,MAMTOTTL,Telecommunications equipment,WL,World,UC,US dollar at current prices,1999,2672956301,,Method of valuation: 2000 onwards: Imports are valued f.o.b.
MT,Merchandise trade,CO,Merchandise trade by commodity,BR,Brazil,M,Imports,MAMTOTTL,Telecommunications equipment,WL,World,UC,US dollar at current prices,2000,3071371186,,Method of valuation: 2000 onwards: Imports are valued f.o.b.
MT,Merchandise trade,CO,Merchandise trade by commodity,BR,Brazil,M,Imports,MAMTOTTL,Telecommunications equipment,WL,World,UC,US dollar at current prices,2001,3054503653,,Method of valuation: 2000 onwards: Imports are valued f.o.b.
MT,Merchandise trade,CO,Merchandise trade by commodity,BR,Brazil,M,Imports,MAMTOTTL,Telecommunications equipment,WL,World,UC,US dollar at current prices,2002,1564316717,,Method of valuation: 2000 onwards: Imports are valued f.o.b.
MT,Merchandise trade,CO,Merchandise trade by commodity,BR,Brazil,M,Imports,MAMTOTTL,Telecommunications equipment,WL,World,UC,US dollar at current prices,2003,1614311237,,Method of valuation: 2000 onwards: Imports are valued f.o.b.
MT,Merchandise trade,CO,Merchandise trade by commodity,BR,Brazil,M,Imports,MAMTOTTL,Telecommunications equipment,WL,World,UC,US dollar at current prices,2004,2541903627,,Method of valuation: 2000 onwards: Imports are valued f.o.b.
MT,Merchandise trade,CO,Merchandise trade by commodity,BR,Brazil,M,Imports,MAMTOTTL,Telecommunications equipment,WL,World,UC,US dollar at current prices,2005,3402041789,,Method of valuation: 2000 onwards: Imports are valued f.o.b.
MT,Merchandise trade,CO,Merchandise trade by commodity,BR,Brazil,M,Imports,MAMTOTTL,Telecommunications equipment,WL,World,UC,US dollar at current prices,2006,4427593199,,Method of valuation: 2000 onwards: Imports are valued f.o.b.
MT,Merchandise trade,CO,Merchandise trade by commodity,BR,Brazil,M,Imports,MAMTOTTL,Telecommunications equipment,WL,World,UC,US dollar at current prices,2007,5151055000,,Method of valuation: 2000 onwards: Imports are valued f.o.b.
MT,Merchandise trade,CO,Merchandise trade by commodity,BR,Brazil,M,Imports,MAMTOTTL,Telecommunications equipment,WL,World,UC,US dollar at current prices,2008,7597674702,,Method of valuation: 2000 onwards: Imports are valued f.o.b.
MT,Merchandise trade,CO,Merchandise trade by commodity,BR,Brazil,M,Imports,MAMTOTTL,Telecommunications equipment,WL,World,UC,US dollar at current prices,2009,5170980865,,Method of valuation: 2000 onwards: Imports are valued f.o.b.
MT,Merchandise trade,CO,Merchandise trade by commodity,BR,Brazil,M,Imports,MAMTOTTL,Telecommunications equipment,WL,World,UC,US dollar at current prices,2010,7824958922,,Method of valuation: 2000 onwards: Imports are valued f.o.b.
MT,Merchandise trade,CO,Merchandise trade by commodity,BR,Brazil,M,Imports,MAMTOTTL,Telecommunications equipment,WL,World,UC,US dollar at current prices,2011,9790765273,,Method of valuation: 2000 onwards: Imports are valued f.o.b.
MT,Merchandise trade,CO,Merchandise trade by commodity,BR,Brazil,M,Imports,MAMTOTTL,Telecommunications equipment,WL,World,UC,US dollar at current prices,2012,9164677474,,Method of valuation: 2000 onwards: Imports are valued f.o.b.
MT,Merchandise trade,CO,Merchandise trade by commodity,BR,Brazil,M,Imports,MAMTOTTL,Telecommunications equipment,WL,World,UC,US dollar at current prices,2013,10315133129,,Method of valuation: 2000 onwards: Imports are valued f.o.b.
MT,Merchandise trade,CO,Merchandise trade by commodity,BR,Brazil,M,Imports,MAMTOTTL,Telecommunications equipment,WL,World,UC,US dollar at current prices,2014,10387284804,,Method of valuation: 2000 onwards: Imports are valued f.o.b.
MT,Merchandise trade,CO,Merchandise trade by commodity,BR,Brazil,M,Imports,MAMTOTTL,Telecommunications equipment,WL,World,UC,US dollar at current prices,2015,7568656440,,Method of valuation: 2000 onwards: Imports are valued f.o.b.
MT,Merchandise trade,CO,Merchandise trade by commodity,BR,Brazil,M,Imports,MAMTOTTL,Telecommunications equipment,WL,World,UC,US dollar at current prices,2016,5875373740,,Method of valuation: 2000 onwards: Imports are valued f.o.b.
MT,Merchandise trade,CO,Merchandise trade by commodity,BR,Brazil,M,Imports,MAMTOTIC,Integrated circuits and electronic components,WL,World,UC,US dollar at current prices,1990,489772704,,Method of valuation: 2000 onwards: Imports are valued f.o.b.
MT,Merchandise trade,CO,Merchandise trade by commodity,BR,Brazil,M,Imports,MAMTOTIC,Integrated circuits and electronic components,WL,World,UC,US dollar at current prices,1991,450032256,,Method of valuation: 2000 onwards: Imports are valued f.o.b.
MT,Merchandise trade,CO,Merchandise trade by commodity,BR,Brazil,M,Imports,MAMTOTIC,Integrated circuits and electronic components,WL,World,UC,US dollar at current prices,1992,380607424,,Method of valuation: 2000 onwards: Imports are valued f.o.b.
MT,Merchandise trade,CO,Merchandise trade by commodity,BR,Brazil,M,Imports,MAMTOTIC,Integrated circuits and electronic components,WL,World,UC,US dollar at current prices,1993,561094720,,Method of valuation: 2000 onwards: Imports are valued f.o.b.
MT,Merchandise trade,CO,Merchandise trade by commodity,BR,Brazil,M,Imports,MAMTOTIC,Integrated circuits and electronic components,WL,World,UC,US dollar at current prices,1994,807600192,,Method of valuation: 2000 onwards: Imports are valued f.o.b.
MT,Merchandise trade,CO,Merchandise trade by commodity,BR,Brazil,M,Imports,MAMTOTIC,Integrated circuits and electronic components,WL,World,UC,US dollar at current prices,1995,1329458560,,Method of valuation: 2000 onwards: Imports are valued f.o.b.
MT,Merchandise trade,CO,Merchandise trade by commodity,BR,Brazil,M,Imports,MAMTOTIC,Integrated circuits and electronic components,WL,World,UC,US dollar at current prices,1996,1579562496,,Method of valuation: 2000 onwards: Imports are valued f.o.b.
MT,Merchandise trade,CO,Merchandise trade by commodity,BR,Brazil,M,Imports,MAMTOTIC,Integrated circuits and electronic components,WL,World,UC,US dollar at current prices,1997,1723767168,,Method of valuation: 2000 onwards: Imports are valued f.o.b.
MT,Merchandise trade,CO,Merchandise trade by commodity,BR,Brazil,M,Imports,MAMTOTIC,Integrated circuits and electronic components,WL,World,UC,US dollar at current prices,1998,1513612416,,Method of valuation: 2000 onwards: Imports are valued f.o.b.
MT,Merchandise trade,CO,Merchandise trade by commodity,BR,Brazil,M,Imports,MAMTOTIC,Integrated circuits and electronic components,WL,World,UC,US dollar at current prices,1999,1634803856,,Method of valuation: 2000 onwards: Imports are valued f.o.b.
MT,Merchandise trade,CO,Merchandise trade by commodity,BR,Brazil,M,Imports,MAMTOTIC,Integrated circuits and electronic components,WL,World,UC,US dollar at current prices,2000,2567785628,,Method of valuation: 2000 onwards: Imports are valued f.o.b.
MT,Merchandise trade,CO,Merchandise trade by commodity,BR,Brazil,M,Imports,MAMTOTIC,Integrated circuits and electronic components,WL,World,UC,US dollar at current prices,2001,2073247230,,Method of valuation: 2000 onwards: Imports are valued f.o.b.
MT,Merchandise trade,CO,Merchandise trade by commodity,BR,Brazil,M,Imports,MAMTOTIC,Integrated circuits and electronic components,WL,World,UC,US dollar at current prices,2002,1791750330,,Method of valuation: 2000 onwards: Imports are valued f.o.b.
MT,Merchandise trade,CO,Merchandise trade by commodity,BR,Brazil,M,Imports,MAMTOTIC,Integrated circuits and electronic components,WL,World,UC,US dollar at current prices,2003,1999195490,,Method of valuation: 2000 onwards: Imports are valued f.o.b.
MT,Merchandise trade,CO,Merchandise trade by commodity,BR,Brazil,M,Imports,MAMTOTIC,Integrated circuits and electronic components,WL,World,UC,US dollar at current prices,2004,2792733670,,Method of valuation: 2000 onwards: Imports are valued f.o.b.
MT,Merchandise trade,CO,Merchandise trade by commodity,BR,Brazil,M,Imports,MAMTOTIC,Integrated circuits and electronic components,WL,World,UC,US dollar at current prices,2005,3356193063,,Method of valuation: 2000 onwards: Imports are valued f.o.b.
MT,Merchandise trade,CO,Merchandise trade by commodity,BR,Brazil,M,Imports,MAMTOTIC,Integrated circuits and electronic components,WL,World,UC,US dollar at current prices,2006,3893659346,,Method of valuation: 2000 onwards: Imports are valued f.o.b.
MT,Merchandise trade,CO,Merchandise trade by commodity,BR,Brazil,M,Imports,MAMTOTIC,Integrated circuits and electronic components,WL,World,UC,US dollar at current prices,2007,3740674000,,Method of valuation: 2000 onwards: Imports are valued f.o.b.
MT,Merchandise trade,CO,Merchandise trade by commodity,BR,Brazil,M,Imports,MAMTOTIC,Integrated circuits and electronic components,WL,World,UC,US dollar at current prices,2008,4404624668,,Method of valuation: 2000 onwards: Imports are valued f.o.b.
MT,Merchandise trade,CO,Merchandise trade by commodity,BR,Brazil,M,Imports,MAMTOTIC,Integrated circuits and electronic components,WL,World,UC,US dollar at current prices,2009,3469987528,,Method of valuation: 2000 onwards: Imports are valued f.o.b.
MT,Merchandise trade,CO,Merchandise trade by commodity,BR,Brazil,M,Imports,MAMTOTIC,Integrated circuits and electronic components,WL,World,UC,US dollar at current prices,2010,4643695044,,Method of valuation: 2000 onwards: Imports are valued f.o.b.
MT,Merchandise trade,CO,Merchandise trade by commodity,BR,Brazil,M,Imports,MAMTOTIC,Integrated circuits and electronic components,WL,World,UC,US dollar at current prices,2011,5093420964,,Method of valuation: 2000 onwards: Imports are valued f.o.b.
MT,Merchandise trade,CO,Merchandise trade by commodity,BR,Brazil,M,Imports,MAMTOTIC,Integrated circuits and electronic components,WL,World,UC,US dollar at current prices,2012,4940102385,,Method of valuation: 2000 onwards: Imports are valued f.o.b.
MT,Merchandise trade,CO,Merchandise trade by commodity,BR,Brazil,M,Imports,MAMTOTIC,Integrated circuits and electronic components,WL,World,UC,US dollar at current prices,2013,5434574539,,Method of valuation: 2000 onwards: Imports are valued f.o.b.
MT,Merchandise trade,CO,Merchandise trade by commodity,BR,Brazil,M,Imports,MAMTOTIC,Integrated circuits and electronic components,WL,World,UC,US dollar at current prices,2014,5123125871,,Method of valuation: 2000 onwards: Imports are valued f.o.b.
MT,Merchandise trade,CO,Merchandise trade by commodity,BR,Brazil,M,Imports,MAMTOTIC,Integrated circuits and electronic components,WL,World,UC,US dollar at current prices,2015,3448539815,,Method of valuation: 2000 onwards: Imports are valued f.o.b.
MT,Merchandise trade,CO,Merchandise trade by commodity,BR,Brazil,M,Imports,MAMTOTIC,Integrated circuits and electronic components,WL,World,UC,US dollar at current prices,2016,3465717795,,Method of valuation: 2000 onwards: Imports are valued f.o.b.
